{"nm":"Untitled file","ddd":0,"h":500,"w":500,"meta":{"g":"@lottiefiles/creator 1.14.0"},"layers":[{"ty":4,"nm":"Rectangle 2","sr":1,"st":0,"op":30,"ip":0,"hd":false,"ddd":0,"bm":0,"hasMask":false,"ao":0,"ks":{"a":{"a":0,"k":[0,0]},"s":{"a":0,"k":[162.5397572798115,100]},"sk":{"a":0,"k":0},"p":{"a":1,"k":[{"o":{"x":0.167,"y":0.167},"i":{"x":0.833,"y":0.833},"s":[-285.746,157.1428],"t":0},{"s":[815.0883,263.4907],"t":28}]},"r":{"a":0,"k":13.4718},"sa":{"a":0,"k":0},"o":{"a":0,"k":100}},"shapes":[{"ty":"rc","bm":0,"hd":false,"nm":"Rectangle Path 2","d":1,"p":{"a":0,"k":[0,0]},"r":{"a":0,"k":0},"s":{"a":0,"k":[279.8775840077314,1072.1403641255272]}},{"ty":"gf","bm":0,"hd":false,"nm":"Fill","e":{"a":0,"k":[-117.75642597704544,-10.130900672293592]},"g":{"p":3,"k":{"a":0,"k":[0,0.9058823529411765,0.9098039215686274,0.9372549019607843,0.5099009900990099,0.9058823529411765,0.9098039215686274,0.9372549019607843,1,0.9058823529411765,0.9098039215686274,0.9372549019607843,0,0,0.5099009900990099,1,1,0]}},"t":1,"a":{"a":0,"k":0},"h":{"a":0,"k":0},"s":{"a":0,"k":[119.15015848774303,-9.686309794192368]},"r":2,"o":{"a":0,"k":100}}],"ind":1},{"ty":4,"nm":"Rectangle 1","sr":1,"st":0,"op":30,"ip":0,"hd":false,"ddd":0,"bm":0,"hasMask":false,"ao":0,"ks":{"a":{"a":0,"k":[0,0]},"s":{"a":0,"k":[100,100]},"sk":{"a":0,"k":0},"p":{"a":0,"k":[249.7587,250.4757]},"r":{"a":0,"k":0},"sa":{"a":0,"k":0},"o":{"a":0,"k":100}},"shapes":[{"ty":"rc","bm":0,"hd":false,"nm":"Rectangle Path 1","d":1,"p":{"a":0,"k":[0,0]},"r":{"a":0,"k":0},"s":{"a":0,"k":[506.8888770801716,515.5610324752608]}},{"ty":"fl","bm":0,"hd":false,"nm":"Fill","c":{"a":0,"k":[0.9529,0.9569,0.9686]},"r":2,"o":{"a":0,"k":100}}],"ind":2}],"v":"5.7.0","fr":30,"op":30,"ip":0,"assets":[]}